,title,Name
0,Labor Day Weekend Marathon!,BobRoss
1,"ğŸ‘¹ SUBATHON DAY 20 - Chilling, drawing| !gg !merch !pxls !subathon",Yoclesh
2,[ENG] Rough animation!,Derpixon
3,ğŸ” Korean Artist drawing your goth gf || !who !links !boyfriendapp ||,Wonni
4,[MIXING VTUBERS] making abominations ğŸ§ªğŸŸ,krumroll
5,Enjoy the @ProkoStream - I make fun online drawing âœï¸ & painting ğŸ¨ lessons. Join the community & learn here & on Proko.com,ProkoStream
6,"""been searching for that knight in shining armor, but all that appeared was a TW@T in tin foil""",Nagisake
7,giving up 100% achievement so I art now !who,xai_ice
8,Sketchtember is HERE!! POGGIES,MinimaLaifu
9,OFICIALLY 2K LFGOOOâš¡!discord !comms,dicyflynn
10,ğŸ—’ï¸âœï¸ Chibi tutorial! â”‚ !prints !pixelplush !pphat,Maaya
11,chara sheet com !patreon !whodis,IsamaraArt
12,Teef has a voice?!?!?! ğŸƒ !streamink ğŸ’–ğŸ˜³,mellemony
13,red dead then sculpting,chloeworthyart
14,[No Mic] @sakoneko animation comm,Totouri
15,LOTS of arr to do,notsophatmatt
16,ğŸŒ»Chill commission time [short?] ft. @sunnykarlis | !throne | !kofi !commission !discord ğŸŒ»,MiluBean
17,ğŸŒğŸ”¨ [No Mic],dorkartist
18,[ENG-NOR][MIC ON] We're cooking alright! ~ Dungeon Meshi Fan Art ~,Octogear
19,Draw | Music,rnnasama
20,Chill Sunday ( ï¾‰ ï¾Ÿï½°ï¾Ÿ)ï¾‰ !cham,GoKerii
21,ğŸ”´LIVE | [no mic] rigging vtuber child @notcutebulle,SoultyRagevin
22,[EN/Fil/Spa] Cozy 3D Modeling // !tico !website,ticoyaki
23,More Beach Fox! !krokodoodle !whodis,krokofucholf
24,ARTIEPARTIE - BDAY STREAM STREAK 3/3  IT'S MA BURTHDAY YALL. *jaunty lil jig* HANGING OUT WITH FRIENDS IN MAGMA + TTRPG LITTLEFELLAS,fartieartie
25,Chill drawing: Making some emotes the peeps can use,xDestroysc
26,a,maumau012
27,art & birthday â™¥  [Ren] | EN/ES SUB | !fish !lurk | !ask for Rummy,RDSB_Ren
28,EXCITING PLANS!! | Painting in VR! <3,DullDummy
29,we are finishing this vtuber commission!!!!,b0tster
